<?xml version="1.0" encoding="UTF-8"?>

<!DOCTYPE questions>

<questions>
    <question id="profe_001">
	<type>text</type>
	<title>Adivina el número secreto... </title>
	<answer>23</answer>
    </question>
    <question id="profe_002">
	<type>select</type>
	<title>HTML son las iniciales de...</title>
	<option>Hyper Text Transfer Protocol</option>
	<option>File Transfer Protocol</option>
	<option>Hypertext markup language</option>
	<answer>2</answer>
    </question>
     <question id="profe_003">
	<type>checkbox</type>
	<title>Marca las frutas</title>
	<option>naranja</option>
	<option>verde</option>
	<option>fresa</option>
	<option>violeta</option>
	<answer>0</answer>
	<answer>2</answer>
    </question>
	
</questions>
